"Image","User 1 Group","User 2 group","User 3 Group","User 4 Group","User 5 group",,,,,,,,,,,,,,,,,,}}
{{"new1-DSC_0031.JPG","1","1","1","1","1"}, {"new1-DSC_0075.JPG","1","1","1","1","1"}, {"new1-DSC_0099.JPG","1","1","1","1","1"}, {"new1-DSC_0190.JPG","1","1","1","1","1"}}
{{"new1-DSC_0037.JPG","1","1","1","1","1"}, {"new1-DSC_0078.JPG","1","1","1","1","1"}, {"new1-DSC_0102.JPG","1","1","1","1","1"}, {"new1-DSC_0193.JPG","1","1","1","1","1"}}
{{"new1-DSC_0034.JPG","1","1","1","1","1"}, {"new1-DSC_0082.JPG","2","1","1","2","2"}, {"new1-DSC_0105.JPG","1","1","1","1","1"}, {"new1-DSC_0198.JPG","2","2","2","1","2"}}
{{"new1-DSC_0039.JPG","1","1","1","1","1"}, {"new1-DSC_0085.JPG","2","1","1","2","2"}, {"new1-DSC_0109.JPG","1","1","1","1","1"}, {"new1-DSC_0201.JPG","2","2","2","1","2"}}
{{"new1-DSC_0035.JPG","1","1","1","1","1"}, {"new1-DSC_0090.JPG","1","1","2","1","3"}, {"new1-DSC_0114.JPG","2","2","2","2","2"}, {"new1-DSC_0209.JPG","2","2","2","1","2"}}
{{"new1-DSC_0046.JPG","1","1","1","1","1"}, {"new1-DSC_0094.JPG","1","1","2","2","3"}, {"new1-DSC_0117.JPG","3","3","1","2","3"}, {"new1-DSC_0218.JPG","3","3","3","1","3"}}
{{"new1-DSC_0048.JPG","2","2","2","2","2"}, {"new1-DSC_0098.JPG","1","1","2","2","3"}, {"new1-DSC_0121.JPG","3","3","1","2","3"}, {"new1-DSC_0221.JPG","3","3","3","1","3"}}
{{"new1-DSC_0056.JPG","2","2","2","2","2"}, {"new1-DSC_0076.JPG","1","1","1","2","1"}, {"new1-DSC_0100.JPG","1","1","1","1","1"}, {"new1-DSC_0191.JPG","1","1","1","1","1"}}
{{"new1-DSC_0074.JPG","2","5","2","3","5"}, {"new1-DSC_0079.JPG","1","1","1","1","1"}, {"new1-DSC_0103.JPG","1","1","1","1","1"}, {"new1-DSC_0196.JPG","2","2","2","1","2"}}
{{"new1-DSC_0049.JPG","2","2","2","2","2"}, {"new1-DSC_0083.JPG","2","1","1","2","2"}, {"new1-DSC_0106.JPG","1","1","1","1","1"}, {"new1-DSC_0199.JPG","2","2","2","1","2"}}
{{"new1-DSC_0059.JPG","2","2","2","2","2"}, {"new1-DSC_0086.JPG","2","1","1","2","2"}, {"new1-DSC_0110.JPG","3","3","1","2","3"}, {"new1-DSC_0202.JPG","2","2","2","1","2"}}
{{"new1-DSC_0072.JPG","2","5","2","3","5"}, {"new1-DSC_0096.JPG","1","1","2","1","3"}, {"new1-DSC_0119.JPG","3","3","1","2","3"}, {"new1-DSC_0219.JPG","3","3","3","1","3"}}
{{"new1-DSC_0075.JPG","2","5","2","3","5"}, {"new1-DSC_0099.JPG","1","1","2","1","3"}, {"new1-DSC_0122.JPG","3","3","1","2","3"}, {"new1-DSC_0223.JPG","3","3","3","1","3"}}
{{"new1-DSC_0055.JPG","2","2","2","2","2"}, {"new1-DSC_0077.JPG","1","1","1","1","1"}, {"new1-DSC_0101.JPG","1","1","1","1","1"}, {"new1-DSC_0192.JPG","1","1","1","1","1"}}
{{"new1-DSC_0060.JPG","2","2","2","2","2"}, {"new1-DSC_0080.JPG","1","1","1","2","4"}, {"new1-DSC_0104.JPG","1","1","1","1","1"}, {"new1-DSC_0197.JPG","2","2","2","1","2"}}
{{"new1-DSC_0067.JPG","2","2","2","2","2"}, {"new1-DSC_0084.JPG","2","1","1","1","2"}, {"new1-DSC_0107.JPG","1","1","1","1","1"}, {"new1-DSC_0200.JPG","2","2","2","1","2"}}
{{"new1-DSC_0073.JPG","2","5","2","3","5"}, {"new1-DSC_0087.JPG","1","1","1","2","5"}, {"new1-DSC_0111.JPG","3","3","1","2","3"}, {"new1-DSC_0205.JPG","2","2","2","1","2"}}
{{"new1-DSC_0062.JPG","3","3","3","4","3"}, {"new1-DSC_0093.JPG","1","1","2","2","3"}, {"new1-DSC_0116.JPG","2","2","2","2","2"}, {"new1-DSC_0216.JPG","3","3","3","1","3"}}
{{"new1-DSC_0069.JPG","4","4","3","4","4"}, {"new1-DSC_0097.JPG","1","1","2","5","3"}, {"new1-DSC_0120.JPG","3","3","1","2","3"}, {"new1-DSC_0220.JPG","3","3","3","1","3"
